{
  "project_info": {
    "project_number": "791059933171",
    "firebase_url": "https://jarvis-8f9ea.firebaseio.com",
    "project_id": "jarvis-8f9ea",
    "storage_bucket": "jarvis-8f9ea.appspot.com"
  },
  "client": [
    {
      "client_info": {
        "mobilesdk_app_id": "1:791059933171:android:86fce62253f7adfe",
        "android_client_info": {
          "package_name": "com.example.a23014342.jarvis2"
        }
      },
      "oauth_client": [
        {
          "client_id": "791059933171-5ras0jkmeq5m85d9rga068gku3bkhh7h.apps.googleusercontent.com",
          "client_type": 1,
          "android_info": {
            "package_name": "com.example.a23014342.jarvis2",
            "certificate_hash": "cd68e1b040fd50e5399ed529b30078d951d1fc6f"
          }
        },
        {
          "client_id": "791059933171-dkei8pgq33jiqjeda6kpdv189qdtln8j.apps.googleusercontent.com",
          "client_type": 3
        }
      ],
      "api_key": [
        {
          "current_key": "AIzaSyBziW1b0NFdWviCfy-5zgY5IP7eXhuGnQs"
        }
      ],
      "services": {
        "analytics_service": {
          "status": 1
        },
        "appinvite_service": {
          "status": 2,
          "other_platform_oauth_client": [
            {
              "client_id": "791059933171-dkei8pgq33jiqjeda6kpdv189qdtln8j.apps.googleusercontent.com",
              "client_type": 3
            }
          ]
        },
        "ads_service": {
          "status": 2
        }
      }
    },
    {
      "client_info": {
        "mobilesdk_app_id": "1:791059933171:android:ce251741b81fc194",
        "android_client_info": {
          "package_name": "com.Jarvis2.android"
        }
      },
      "oauth_client": [
        {
          "client_id": "791059933171-9vqmb5c0e90ud9mhsap8f5sgmspi6h1n.apps.googleusercontent.com",
          "client_type": 1,
          "android_info": {
            "package_name": "com.Jarvis2.android",
            "certificate_hash": "cd68e1b040fd50e5399ed529b30078d951d1fc6f"
          }
        },
        {
          "client_id": "791059933171-e4laphg30e9qh4u7go0p28tvei8j530o.apps.googleusercontent.com",
          "client_type": 1,
          "android_info": {
            "package_name": "com.Jarvis2.android",
            "certificate_hash": "ac829a99f045c1535c06412a4776588e5522f473"
          }
        },
        {
          "client_id": "791059933171-dkei8pgq33jiqjeda6kpdv189qdtln8j.apps.googleusercontent.com",
          "client_type": 3
        }
      ],
      "api_key": [
        {
          "current_key": "AIzaSyBziW1b0NFdWviCfy-5zgY5IP7eXhuGnQs"
        }
      ],
      "services": {
        "analytics_service": {
          "status": 1
        },
        "appinvite_service": {
          "status": 2,
          "other_platform_oauth_client": [
            {
              "client_id": "791059933171-dkei8pgq33jiqjeda6kpdv189qdtln8j.apps.googleusercontent.com",
              "client_type": 3
            }
          ]
        },
        "ads_service": {
          "status": 2
        }
      }
    }
  ],
  "configuration_version": "1"
}